schema_version,experiment_type,scheduler,model_id,chunk_tokens,sequence_length,weight_bytes,vram_ceiling_bytes,prefill_max_gemm_us,prefill_workspace_bytes,prefill_parked_activation_bytes,decode_max_gemv_us,attention_fetch_compute_us,reduction_overhead_us,pcie_exposed_us,survival_vram_bytes,decode_runway_bytes,decode_runway_tokens,ttft_ms,tpot_ms_vram,tpot_ms_pcie_async,trace_sha256,status,sm_ai_partitions_profiled,trace_sm_ran_tiers,trace_interval_count,trace_intervals_with_ai_budget,prefill_max_gemm_us_sm8,prefill_max_gemm_us_sm16,prefill_max_gemm_us_sm24,prefill_max_gemm_us_sm32,prefill_workspace_bytes_sm8,prefill_workspace_bytes_sm16,prefill_workspace_bytes_sm24,prefill_workspace_bytes_sm32,prefill_parked_activation_bytes_sm8,prefill_parked_activation_bytes_sm16,prefill_parked_activation_bytes_sm24,prefill_parked_activation_bytes_sm32,decode_max_gemv_us_vram_sm8,decode_max_gemv_us_vram_sm16,decode_max_gemv_us_vram_sm24,decode_max_gemv_us_vram_sm32,decode_max_gemv_us_pcie_async_sm8,decode_max_gemv_us_pcie_async_sm16,decode_max_gemv_us_pcie_async_sm24,decode_max_gemv_us_pcie_async_sm32,attention_fetch_compute_us_vram_sm8,attention_fetch_compute_us_vram_sm16,attention_fetch_compute_us_vram_sm24,attention_fetch_compute_us_vram_sm32,attention_fetch_compute_us_pcie_async_sm8,attention_fetch_compute_us_pcie_async_sm16,attention_fetch_compute_us_pcie_async_sm24,attention_fetch_compute_us_pcie_async_sm32,reduction_overhead_us_vram_sm8,reduction_overhead_us_vram_sm16,reduction_overhead_us_vram_sm24,reduction_overhead_us_vram_sm32,reduction_overhead_us_pcie_async_sm8,reduction_overhead_us_pcie_async_sm16,reduction_overhead_us_pcie_async_sm24,reduction_overhead_us_pcie_async_sm32,decode_workspace_bytes_vram_sm8,decode_workspace_bytes_vram_sm16,decode_workspace_bytes_vram_sm24,decode_workspace_bytes_vram_sm32,decode_workspace_bytes_pcie_async_sm8,decode_workspace_bytes_pcie_async_sm16,decode_workspace_bytes_pcie_async_sm24,decode_workspace_bytes_pcie_async_sm32,decode_parked_activation_bytes_vram_sm8,decode_parked_activation_bytes_vram_sm16,decode_parked_activation_bytes_vram_sm24,decode_parked_activation_bytes_vram_sm32,decode_parked_activation_bytes_pcie_async_sm8,decode_parked_activation_bytes_pcie_async_sm16,decode_parked_activation_bytes_pcie_async_sm24,decode_parked_activation_bytes_pcie_async_sm32,prefill_telemetry_tier,prefill_telemetry_provider,prefill_telemetry_status,prefill_nvml_available,prefill_gpu_util,prefill_gpu_mem_used_mb,prefill_sm_clock_mhz,prefill_mem_clock_mhz,prefill_power_w,prefill_pt_step_ms,prefill_pt_mem_alloc_mb,prefill_pt_mem_reserved_mb,prefill_pt_workspace_mb,prefill_acu_pct,prefill_gbu_pct,prefill_smu_pct,prefill_microscopic_telemetry_status,prefill_microscopic_error,decode_vram_telemetry_tier,decode_vram_telemetry_provider,decode_vram_telemetry_status,decode_vram_nvml_available,decode_vram_gpu_util,decode_vram_gpu_mem_used_mb,decode_vram_sm_clock_mhz,decode_vram_mem_clock_mhz,decode_vram_power_w,decode_vram_pt_step_ms,decode_vram_pt_mem_alloc_mb,decode_vram_pt_mem_reserved_mb,decode_vram_pt_workspace_mb,decode_vram_acu_pct,decode_vram_gbu_pct,decode_vram_smu_pct,decode_vram_microscopic_telemetry_status,decode_vram_microscopic_error,decode_pcie_async_telemetry_tier,decode_pcie_async_telemetry_provider,decode_pcie_async_telemetry_status,decode_pcie_async_nvml_available,decode_pcie_async_gpu_util,decode_pcie_async_gpu_mem_used_mb,decode_pcie_async_sm_clock_mhz,decode_pcie_async_mem_clock_mhz,decode_pcie_async_power_w,decode_pcie_async_pt_step_ms,decode_pcie_async_pt_mem_alloc_mb,decode_pcie_async_pt_mem_reserved_mb,decode_pcie_async_pt_workspace_mb,decode_pcie_async_acu_pct,decode_pcie_async_gbu_pct,decode_pcie_async_smu_pct,decode_pcie_async_microscopic_telemetry_status,decode_pcie_async_microscopic_error,pcie_telemetry_tier,pcie_telemetry_provider,pcie_telemetry_status,pcie_nvml_available,pcie_gpu_util,pcie_gpu_mem_used_mb,pcie_sm_clock_mhz,pcie_mem_clock_mhz,pcie_power_w,pcie_pt_step_ms,pcie_pt_mem_alloc_mb,pcie_pt_mem_reserved_mb,pcie_pt_workspace_mb,pcie_acu_pct,pcie_gbu_pct,pcie_smu_pct,pcie_microscopic_telemetry_status,pcie_microscopic_error,pcie_effective_gbps,pcie_overlap_status
ran_dgxspark_v1,ran-dgxspark-v1,envelope_v1,facebook/opt-350m,64,1024,662392832,15170115993,396.5440094470977,524288,524288,606.2080264091492,527.7184009552002,81.25439733266832,2623.0770349502563,14506674585,14501362073,147515,913.6373291164637,25.477326035499573,1029.2816780805588,dfd15436012d53c39763689b0997a2491665034328d6e36a5856c6570bae3606,success,8|16|24|32,8|16|24|32|40|48,28378,24205,107.68000036478044,151.296004652977,108.5439994931221,99.13600236177444,524288,524288,524288,524288,524288,524288,524288,524288,266.2400007247925,3138.7200355529785,137.2160017490387,151.5520066022873,129.02399897575378,128.1599998474121,135.26399433612823,128.86400520801544,141.5360003709793,122.68799990415572,135.72480082511902,131.92960023880005,122.34239876270294,122.86080420017242,128.83839905261993,124.67840015888214,21.215999871492382,20.06399929523468,21.04959972202778,20.31359933316708,22.09279946982861,20.65919972956181,19.4815993309021,19.64159980416298,67584,67584,67584,67584,67584,67584,67584,67584,2048,2048,2048,2048,2048,2048,2048,2048,baseline_nvml_pt,nvidia-smi,ok,True,1.75,67.0,1695.0,7701.0,58.1475,0.11666400171816348,34.642578125,34.642578125,0.5,78.82155950635517,61.54576449815837,71.30937411557656,estimated,,baseline_nvml_pt,nvidia-smi,ok,True,0.75,67.0,1695.0,7601.0,59.8775,0.9241760112345219,36.21875,36.21875,0.064453125,65.95386825584949,66.75643160221702,66.05441745782802,estimated,,baseline_nvml_pt,nvidia-smi,ok,True,1.25,67.0,1695.0,7601.0,62.1625,0.13373599946498865,36.21875,36.21875,0.064453125,64.23137825790754,69.78343099545114,63.51893493623636,estimated,,baseline_nvml_pt,nvidia-smi,partial,True,0.0,67.0,1695.0,7601.0,65.18,,,,,65.0,65.0,65.0,estimated,,0.2322667020043496,measured
ran_dgxspark_v1,ran-dgxspark-v1,envelope_v1,facebook/opt-350m,64,2048,662392832,15170115993,396.5440094470977,524288,524288,597.6319909095764,645.6575870513916,78.38719934225081,2623.0770349502563,14506674585,14501296537,147514,913.6373291164637,24.98027515411377,2038.7509517669678,dfd15436012d53c39763689b0997a2491665034328d6e36a5856c6570bae3606,success,8|16|24|32,8|16|24|32|40|48,28378,24205,107.68000036478044,151.296004652977,108.5439994931221,99.13600236177444,524288,524288,524288,524288,524288,524288,524288,524288,151.5520066022873,144.3839967250824,182.4319958686829,149.4079977273941,129.02399897575378,182.2720021009445,133.12000036239624,138.08000087738037,127.12960243225098,124.10879880189896,136.8831992149353,124.98559951782228,122.68159836530684,125.58719962835312,124.72320199012756,161.4143967628479,21.1072001606226,20.27519941329956,21.318399906158447,19.411199539899822,20.53759954869747,20.00639960169792,19.193599745631214,19.596799835562702,133120,133120,133120,133120,133120,133120,133120,133120,2048,2048,2048,2048,2048,2048,2048,2048,baseline_nvml_pt,nvidia-smi,ok,True,1.75,67.0,1695.0,7701.0,58.1475,0.11666400171816348,34.642578125,34.642578125,0.5,78.82155950635517,61.54576449815837,71.30937411557656,estimated,,baseline_nvml_pt,nvidia-smi,ok,True,1.25,67.0,1695.0,7701.0,61.602500000000006,0.15694399923086166,40.28125,40.28125,0.126953125,67.1369500904827,70.21500707183971,68.19255661043738,estimated,,baseline_nvml_pt,nvidia-smi,ok,True,0.0,67.0,1695.0,7701.0,63.06,0.1902079954743385,40.28125,40.28125,0.126953125,63.16996086726142,75.0368033936316,64.63489156039394,estimated,,baseline_nvml_pt,nvidia-smi,partial,True,0.0,67.0,1695.0,7601.0,65.18,,,,,65.0,65.0,65.0,estimated,,0.2322667020043496,measured
ran_dgxspark_v1,ran-dgxspark-v1,envelope_v1,facebook/opt-350m,64,4096,662392832,15170115993,396.5440094470977,524288,524288,508.1599950790404,509.7983956336975,89.31839764118195,2623.0770349502563,14506674585,14501165465,147513,913.6373291164637,20.586701273918152,4050.9347863197327,dfd15436012d53c39763689b0997a2491665034328d6e36a5856c6570bae3606,success,8|16|24|32,8|16|24|32|40|48,28378,24205,107.68000036478044,151.296004652977,108.5439994931221,99.13600236177444,524288,524288,524288,524288,524288,524288,524288,524288,125.791996717453,133.12000036239624,143.36000382900238,118.81600320339204,160.64000129699707,129.2800009250641,129.82399761676788,127.03999876976012,126.9247993826866,124.97279942035676,123.29600155353546,124.8832032084465,125.70239901542664,128.82560342550278,121.03680223226549,127.44959890842438,20.23039981722832,22.284799814224243,19.071999937295917,19.999999552965164,20.01279965043068,20.40959969162941,19.417599588632584,22.329599410295486,264192,264192,264192,264192,264192,264192,264192,264192,2048,2048,2048,2048,2048,2048,2048,2048,baseline_nvml_pt,nvidia-smi,ok,True,1.75,67.0,1695.0,7701.0,58.1475,0.11666400171816348,34.642578125,34.642578125,0.5,78.82155950635517,61.54576449815837,71.30937411557656,estimated,,baseline_nvml_pt,nvidia-smi,ok,True,0.5,67.0,1695.0,7601.0,58.635,0.13639200106263155,48.40625,48.40625,0.251953125,68.32003192511593,73.67358254146242,70.33069576304672,estimated,,baseline_nvml_pt,nvidia-smi,ok,True,1.0,67.0,1695.0,7601.0,61.135000000000005,0.14199199900031081,48.40625,48.40625,0.251953125,62.108543476615296,80.29017579181206,65.75084818455153,estimated,,baseline_nvml_pt,nvidia-smi,partial,True,0.0,67.0,1695.0,7601.0,65.18,,,,,65.0,65.0,65.0,estimated,,0.2322667020043496,measured
ran_dgxspark_v1,ran-dgxspark-v1,envelope_v1,facebook/opt-350m,64,8192,662392832,15170115993,396.5440094470977,524288,524288,528.3839702606201,516.9152081012726,80.15360087156296,2623.0770349502563,14506674585,14500903321,147510,913.6373291164637,22.161868572235107,8080.632375240326,dfd15436012d53c39763689b0997a2491665034328d6e36a5856c6570bae3606,success,8|16|24|32,8|16|24|32|40|48,28378,24205,107.68000036478044,151.296004652977,108.5439994931221,99.13600236177444,524288,524288,524288,524288,524288,524288,524288,524288,131.29599392414093,144.3839967250824,110.59200018644331,129.02399897575378,109.69600081443788,102.39999741315842,131.071999669075,132.09599256515503,129.2159989476204,132.90880024433136,127.75039970874786,129.22880202531817,128.17919999361038,127.91680097579956,124.71040189266203,127.1104022860527,19.4559995085001,19.32159997522831,19.660799577832226,20.03840021789074,20.524799823760983,19.232000038027763,19.865600392222404,19.468800351023678,526336,526336,526336,526336,526336,526336,526336,526336,2048,2048,2048,2048,2048,2048,2048,2048,baseline_nvml_pt,nvidia-smi,ok,True,1.75,67.0,1695.0,7701.0,58.1475,0.11666400171816348,34.642578125,34.642578125,0.5,78.82155950635517,61.54576449815837,71.30937411557656,estimated,,baseline_nvml_pt,nvidia-smi,ok,True,0.5,67.0,1695.0,7601.0,55.955,0.13721599802374837,64.65625,64.65625,0.501953125,69.50311375974916,77.13215801108511,72.46883491565606,estimated,,baseline_nvml_pt,nvidia-smi,ok,True,0.75,67.0,1695.0,7601.0,56.6975,0.13459199666976926,64.65625,64.65625,0.501953125,61.047126085969175,85.54354818999252,66.8668048087091,estimated,,baseline_nvml_pt,nvidia-smi,partial,True,0.0,67.0,1695.0,7601.0,65.18,,,,,65.0,65.0,65.0,estimated,,0.2322667020043496,measured
ran_dgxspark_v1,ran-dgxspark-v1,envelope_v1,facebook/opt-350m,128,1024,662392832,15170115993,311.16798520088196,1048576,1048576,565.2480125427246,492.44160652160633,85.45279949903488,345.0694680213928,14505626009,14495070617,147451,358.4654848128557,23.770675778388977,89.47980844974518,dfd15436012d53c39763689b0997a2491665034328d6e36a5856c6570bae3606,success,8|16|24|32,8|16|24|32|40|48,28378,24205,83.83999764919281,3119.1039085388184,72.7040022611618,77.79199630022049,1048576,1048576,1048576,1048576,1048576,1048576,1048576,1048576,141.31200313568115,126.97599828243256,126.97599828243256,141.31200313568115,139.48799669742584,142.17600226402283,145.31199634075165,137.2160017490387,125.56799799203873,122.2336009144783,122.6944014430046,122.27840274572372,124.38400089740752,126.84800028800964,123.07199984788896,123.1104016304016,20.88959962129593,21.081599593162537,19.673599302768707,20.294399559497837,20.044799894094467,20.47359980642796,20.42879983782768,21.36319987475872,67584,67584,67584,67584,67584,67584,67584,67584,2048,2048,2048,2048,2048,2048,2048,2048,baseline_nvml_pt,nvidia-smi,ok,True,2.0,67.0,1695.0,7701.0,59.8725,0.8383599761873484,36.142578125,36.142578125,1.0,82.86444938294396,58.552685997544486,74.0791654874354,estimated,,baseline_nvml_pt,nvidia-smi,ok,True,1.0,67.0,1695.0,7601.0,63.37,0.1354719996452331,36.21875,36.21875,0.064453125,66.30636825584949,66.38768160221701,66.05441745782804,estimated,,baseline_nvml_pt,nvidia-smi,ok,True,2.5,67.0,1695.0,7701.0,63.145,0.14136799797415728,36.21875,36.21875,0.064453125,64.23137825790754,69.37093099545115,63.51893493623636,estimated,,baseline_nvml_pt,nvidia-smi,partial,True,0.0,67.0,1695.0,7601.0,41.08,,,,,65.0,65.0,65.0,estimated,,1.2262922164626566,measured
ran_dgxspark_v1,ran-dgxspark-v1,envelope_v1,facebook/opt-350m,128,2048,662392832,15170115993,311.16798520088196,1048576,1048576,589.0560150146484,508.8768005371093,83.55839848518372,345.0694680213928,14505626009,14495005081,147450,358.4654848128557,24.050994515419006,157.10771298408508,dfd15436012d53c39763689b0997a2491665034328d6e36a5856c6570bae3606,success,8|16|24|32,8|16|24|32|40|48,28378,24205,83.83999764919281,3119.1039085388184,72.7040022611618,77.79199630022049,1048576,1048576,1048576,1048576,1048576,1048576,1048576,1048576,135.19999384880066,147.32800424098969,134.36800241470337,142.33599603176117,161.79199516773224,133.12000036239624,131.96800649166107,147.2640037536621,124.71040189266203,128.99200022220612,124.2432028055191,127.21920013427734,124.49280321598052,126.82880014181136,124.03199821710588,121.5936005115509,20.01279965043068,19.814400002360344,18.92479956150055,20.88959962129593,20.00639960169792,19.999999925494198,19.44959983229637,19.865599647164345,133120,133120,133120,133120,133120,133120,133120,133120,2048,2048,2048,2048,2048,2048,2048,2048,baseline_nvml_pt,nvidia-smi,ok,True,2.0,67.0,1695.0,7701.0,59.8725,0.8383599761873484,36.142578125,36.142578125,1.0,82.86444938294396,58.552685997544486,74.0791654874354,estimated,,baseline_nvml_pt,nvidia-smi,ok,True,1.25,67.0,1695.0,7801.0,62.145,0.13980799913406367,40.28125,40.28125,0.126953125,67.72445009048272,70.33792373850638,68.42922327710404,estimated,,baseline_nvml_pt,nvidia-smi,ok,True,0.5,67.0,1695.0,7601.0,62.9675,0.14459199830889696,40.28125,40.28125,0.126953125,63.16996086726142,75.4493033936316,64.85655822706062,estimated,,baseline_nvml_pt,nvidia-smi,partial,True,0.0,67.0,1695.0,7601.0,41.08,,,,,65.0,65.0,65.0,estimated,,1.2262922164626566,measured
ran_dgxspark_v1,ran-dgxspark-v1,envelope_v1,facebook/opt-350m,128,4096,662392832,15170115993,311.16798520088196,1048576,1048576,614.7840023040771,518.2720005512238,80.17919808626176,345.0694680213928,14505626009,14494874009,147449,358.4654848128557,25.722931265830994,290.0229642391205,dfd15436012d53c39763689b0997a2491665034328d6e36a5856c6570bae3606,success,8|16|24|32,8|16|24|32|40|48,28378,24205,83.83999764919281,3119.1039085388184,72.7040022611618,77.79199630022049,1048576,1048576,1048576,1048576,1048576,1048576,1048576,1048576,137.2160017490387,134.14399325847626,181.2479943037033,153.6960005760193,481.27999901771545,185.15199422836304,129.02399897575378,150.52799880504608,126.9312024116516,120.83200067281724,125.52320212125778,129.56800013780594,154.82240170240402,129.98399883508682,122.99520075321198,119.66720372438432,19.8208000510931,19.74399946630001,19.648000225424767,20.04479952156544,22.937599942088127,19.731200113892555,19.551999494433403,19.232000038027763,264192,264192,264192,264192,264192,264192,264192,264192,2048,2048,2048,2048,2048,2048,2048,2048,baseline_nvml_pt,nvidia-smi,ok,True,2.0,67.0,1695.0,7701.0,59.8725,0.8383599761873484,36.142578125,36.142578125,1.0,82.86444938294396,58.552685997544486,74.0791654874354,estimated,,baseline_nvml_pt,nvidia-smi,ok,True,0.5,67.0,1695.0,7601.0,64.32,0.15208799764513967,48.40625,48.40625,0.251953125,69.14253192511593,74.28816587479574,70.80402909638005,estimated,,baseline_nvml_pt,nvidia-smi,ok,True,1.25,67.0,1695.0,7601.0,61.822500000000005,0.23803199827671043,48.40625,48.40625,0.251953125,62.108543476615296,81.52767579181206,66.19418151788486,estimated,,baseline_nvml_pt,nvidia-smi,partial,True,0.0,67.0,1695.0,7601.0,41.08,,,,,65.0,65.0,65.0,estimated,,1.2262922164626566,measured
ran_dgxspark_v1,ran-dgxspark-v1,envelope_v1,facebook/opt-350m,128,8192,662392832,15170115993,311.16798520088196,1048576,1048576,557.0560097694397,536.3455891609192,79.41119819879532,345.0694680213928,14505626009,14494611865,147446,358.4654848128557,22.214399814605713,553.7632791996002,dfd15436012d53c39763689b0997a2491665034328d6e36a5856c6570bae3606,success,8|16|24|32,8|16|24|32|40|48,28378,24205,83.83999764919281,3119.1039085388184,72.7040022611618,77.79199630022049,1048576,1048576,1048576,1048576,1048576,1048576,1048576,1048576,133.91999900341034,124.67200309038162,106.49599879980089,129.02399897575378,133.12000036239624,129.02399897575378,141.31200313568115,139.26400244235992,125.24800151586533,124.2943987250328,128.35839986801147,131.6031977534294,124.8319998383522,132.81919807195663,129.61280047893524,134.0863972902298,19.846399500966072,20.307200402021408,19.68639977276325,19.85279954969883,19.27680000662804,19.475199282169346,19.417599961161613,19.353600218892097,526336,526336,526336,526336,526336,526336,526336,526336,2048,2048,2048,2048,2048,2048,2048,2048,baseline_nvml_pt,nvidia-smi,ok,True,2.0,67.0,1695.0,7701.0,59.8725,0.8383599761873484,36.142578125,36.142578125,1.0,82.86444938294396,58.552685997544486,74.0791654874354,estimated,,baseline_nvml_pt,nvidia-smi,ok,True,0.5,67.0,1695.0,7601.0,52.275000000000006,0.13302399963140482,64.65625,64.65625,0.501953125,70.56061375974915,78.2384080110851,73.17883491565607,estimated,,baseline_nvml_pt,nvidia-smi,ok,True,0.0,67.0,1695.0,7701.0,58.83250000000001,0.1387040019035339,64.65625,64.65625,0.501953125,61.047126085969175,87.60604818999252,67.53180480870911,estimated,,baseline_nvml_pt,nvidia-smi,partial,True,0.0,67.0,1695.0,7601.0,41.08,,,,,65.0,65.0,65.0,estimated,,1.2262922164626566,measured
ran_dgxspark_v1,ran-dgxspark-v1,envelope_v1,facebook/opt-350m,256,1024,662392832,15170115993,360.4480028152466,2097152,2097152,540.6720042228699,514.5600080490112,80.33279776573183,341.6381239891052,14503528857,14482487705,147323,207.61804962158203,22.861209869384766,55.08293044567108,dfd15436012d53c39763689b0997a2491665034328d6e36a5856c6570bae3606,success,8|16|24|32,8|16|24|32|40|48,28378,24205,88.8959988951683,98.11200201511384,101.21600329875946,90.11200070381165,2097152,2097152,2097152,2097152,2097152,2097152,2097152,2097152,129.02399897575378,149.6639996767044,124.06399846076964,135.16800105571747,131.071999669075,128.00000607967377,150.39999783039093,129.98400628566742,123.13600033521652,129.4400006532669,118.60480159521104,121.45920097827911,119.53280121088028,122.53439873456956,129.8624038696289,128.6400020122528,19.711999595165253,21.913599595427517,19.4047998636961,20.083199441432956,19.180800393223763,20.03839947283268,20.185599848628044,20.025599375367165,67584,67584,67584,67584,67584,67584,67584,67584,2048,2048,2048,2048,2048,2048,2048,2048,baseline_nvml_pt,nvidia-smi,ok,True,0.5,67.0,1695.0,7601.0,56.78000000000001,0.09458400122821327,39.142578125,39.142578125,2.0,86.90733925953276,55.55960749693061,76.84895685929426,estimated,,baseline_nvml_pt,nvidia-smi,ok,True,0.25,67.0,1695.0,7701.0,63.352500000000006,0.13701599836349482,36.21875,36.21875,0.064453125,66.65886825584948,66.01893160221702,66.05441745782802,estimated,,baseline_nvml_pt,nvidia-smi,ok,True,2.5,67.0,1695.0,7601.0,62.9825,0.13772800192236898,36.21875,36.21875,0.064453125,64.23137825790754,68.95843099545114,63.51893493623636,estimated,,baseline_nvml_pt,nvidia-smi,partial,True,0.0,67.0,1695.0,7601.0,44.41,,,,,65.0,65.0,65.0,estimated,,1.6541140786200608,measured
ran_dgxspark_v1,ran-dgxspark-v1,envelope_v1,facebook/opt-350m,256,2048,662392832,15170115993,360.4480028152466,2097152,2097152,573.0559825897217,508.08319449424744,82.73919820785522,341.6381239891052,14503528857,14482422169,147322,207.61804962158203,21.705830097198486,89.76946806907654,dfd15436012d53c39763689b0997a2491665034328d6e36a5856c6570bae3606,success,8|16|24|32,8|16|24|32|40|48,28378,24205,88.8959988951683,98.11200201511384,101.21600329875946,90.11200070381165,2097152,2097152,2097152,2097152,2097152,2097152,2097152,2097152,152.5759994983673,147.45600521564484,131.071999669075,126.97599828243256,145.34400403499603,132.09599256515503,129.95199859142303,143.26399564743042,130.47039806842804,129.40160036087036,123.69280010461809,123.30880016088486,126.0416030883789,124.44800138473512,124.345600605011,127.02079862356186,19.83359940350056,20.851200073957443,19.846399873495105,19.24479976296425,19.884800165891647,19.68639977276325,20.179199427366257,20.68479955196381,133120,133120,133120,133120,133120,133120,133120,133120,2048,2048,2048,2048,2048,2048,2048,2048,baseline_nvml_pt,nvidia-smi,ok,True,0.5,67.0,1695.0,7601.0,56.78000000000001,0.09458400122821327,39.142578125,39.142578125,2.0,86.90733925953276,55.55960749693061,76.84895685929426,estimated,,baseline_nvml_pt,nvidia-smi,ok,True,2.5,67.0,1695.0,7701.0,61.325,0.13974400237202644,40.28125,40.28125,0.126953125,68.31195009048271,70.46084040517304,68.66588994377071,estimated,,baseline_nvml_pt,nvidia-smi,ok,True,0.0,67.0,1695.0,7701.0,61.567499999999995,0.1376639977097511,40.28125,40.28125,0.126953125,63.16996086726142,75.8618033936316,65.07822489372728,estimated,,baseline_nvml_pt,nvidia-smi,partial,True,0.0,67.0,1695.0,7601.0,44.41,,,,,65.0,65.0,65.0,estimated,,1.6541140786200608,measured
ran_dgxspark_v1,ran-dgxspark-v1,envelope_v1,facebook/opt-350m,256,4096,662392832,15170115993,360.4480028152466,2097152,2097152,602.1119952201843,518.3487951755524,83.5327997803688,341.6381239891052,14503528857,14482291097,147321,207.61804962158203,24.05575740337372,156.47635889053345,dfd15436012d53c39763689b0997a2491665034328d6e36a5856c6570bae3606,success,8|16|24|32,8|16|24|32|40|48,28378,24205,88.8959988951683,98.11200201511384,101.21600329875946,90.11200070381165,2097152,2097152,2097152,2097152,2097152,2097152,2097152,2097152,166.9120043516159,133.12000036239624,159.71200168132782,143.36000382900238,138.0160003900528,138.2399946451187,158.81599485874176,150.52799880504608,127.39840000867844,122.1375972032547,129.41439747810364,122.57280349731444,122.66880124807358,125.92639774084093,123.04000109434128,129.5871987938881,20.11520005762577,19.4559995085001,20.447999611496925,19.59039941430092,19.61599960923195,21.747199818491936,19.30239982903004,20.8831999450922,264192,264192,264192,264192,264192,264192,264192,264192,2048,2048,2048,2048,2048,2048,2048,2048,baseline_nvml_pt,nvidia-smi,ok,True,0.5,67.0,1695.0,7601.0,56.78000000000001,0.09458400122821327,39.142578125,39.142578125,2.0,86.90733925953276,55.55960749693061,76.84895685929426,estimated,,baseline_nvml_pt,nvidia-smi,ok,True,1.75,67.0,1695.0,7601.0,59.06750000000001,0.15077600255608556,48.40625,48.40625,0.251953125,69.96503192511594,74.90274920812907,71.27736242971339,estimated,,baseline_nvml_pt,nvidia-smi,ok,True,4.75,67.0,1695.0,7801.0,60.129999999999995,0.1463999971747398,48.40625,48.40625,0.251953125,62.108543476615296,82.76517579181206,66.6375148512182,estimated,,baseline_nvml_pt,nvidia-smi,partial,True,0.0,67.0,1695.0,7601.0,44.41,,,,,65.0,65.0,65.0,estimated,,1.6541140786200608,measured
ran_dgxspark_v1,ran-dgxspark-v1,envelope_v1,facebook/opt-350m,256,8192,662392832,15170115993,360.4480028152466,2097152,2097152,569.3439841270447,507.21279978752136,82.0735976099968,341.6381239891052,14503528857,14482028953,147318,207.61804962158203,22.967655301094055,286.35902774333954,dfd15436012d53c39763689b0997a2491665034328d6e36a5856c6570bae3606,success,8|16|24|32,8|16|24|32|40|48,28378,24205,88.8959988951683,98.11200201511384,101.21600329875946,90.11200070381165,2097152,2097152,2097152,2097152,2097152,2097152,2097152,2097152,121.85599654912949,110.59200018644331,149.56800639629364,134.94400680065155,141.2159949541092,124.06399846076964,136.31999492645264,142.33599603176117,131.25119805336,127.1359995007515,125.8303999900818,126.80319994688034,128.8255974650383,124.92799907922743,128.60800176858902,125.2992033958435,19.27039995789528,20.287999883294106,19.4815993309021,20.5183994024992,22.009599953889847,19.891199469566345,19.53280009329319,19.891200214624405,526336,526336,526336,526336,526336,526336,526336,526336,2048,2048,2048,2048,2048,2048,2048,2048,baseline_nvml_pt,nvidia-smi,ok,True,0.5,67.0,1695.0,7601.0,56.78000000000001,0.09458400122821327,39.142578125,39.142578125,2.0,86.90733925953276,55.55960749693061,76.84895685929426,estimated,,baseline_nvml_pt,nvidia-smi,ok,True,6.25,67.0,1695.0,7601.0,45.60999999999999,0.1412720009684562,64.65625,64.65625,0.501953125,71.61811375974915,79.34465801108512,73.88883491565606,estimated,,baseline_nvml_pt,nvidia-smi,ok,True,0.5,67.0,1695.0,7601.0,53.00749999999999,0.13722399622201914,64.65625,64.65625,0.501953125,61.047126085969175,89.66854818999253,68.1968048087091,estimated,,baseline_nvml_pt,nvidia-smi,partial,True,0.0,67.0,1695.0,7601.0,44.41,,,,,65.0,65.0,65.0,estimated,,1.6541140786200608,measured
ran_dgxspark_v1,ran-dgxspark-v1,envelope_v1,facebook/opt-350m,512,1024,662392832,15170115993,462.8480076789856,4194304,4194304,552.9599785804749,504.4736087322235,78.64319682121277,356.15473985672,14499334553,14457321881,147067,133.30022621154785,22.880869388580322,40.49945890903473,dfd15436012d53c39763689b0997a2491665034328d6e36a5856c6570bae3606,success,8|16|24|32,8|16|24|32|40|48,28378,24205,113.79200220108032,145.4080045223236,242.46400594711304,115.7120019197464,4194304,4194304,4194304,4194304,4194304,4194304,4194304,4194304,145.28000354766846,131.071999669075,148.47999811172485,135.13599336147308,128.00000607967377,151.42400562763214,142.56000518798828,138.2399946451187,119.82080042362212,120.90239971876144,124.33920055627824,122.89280146360396,124.4863986968994,136.35200262069702,122.93119877576828,126.11840218305588,19.660799577832226,19.417599961161613,19.699199497699738,19.660799205303192,20.12159936130047,20.4671997576952,20.32639980316162,19.60959993302822,67584,67584,67584,67584,67584,67584,67584,67584,2048,2048,2048,2048,2048,2048,2048,2048,baseline_nvml_pt,nvidia-smi,ok,True,0.0,67.0,1695.0,7601.0,61.50749999999999,0.15434400364756581,45.142578125,45.142578125,4.0,90.95022913612155,52.566528996316734,79.61874823115312,estimated,,baseline_nvml_pt,nvidia-smi,ok,True,2.0,67.0,1695.0,7801.0,63.31,0.1399919986724853,36.21875,36.21875,0.064453125,67.01136825584949,65.65018160221702,66.05441745782802,estimated,,baseline_nvml_pt,nvidia-smi,ok,True,0.5,67.0,1695.0,7701.0,62.34,0.1452639997005462,36.21875,36.21875,0.064453125,64.23137825790754,68.54593099545114,63.51893493623636,estimated,,baseline_nvml_pt,nvidia-smi,partial,True,0.0,67.0,1695.0,7601.0,54.98,,,,,65.0,65.0,65.0,estimated,,1.8325494258016275,measured
ran_dgxspark_v1,ran-dgxspark-v1,envelope_v1,facebook/opt-350m,512,2048,662392832,15170115993,462.8480076789856,4194304,4194304,540.9280061721802,509.6960067749024,84.14719849824905,356.15473985672,14499334553,14457256345,147066,133.30022621154785,23.03646755218506,55.915578961372375,dfd15436012d53c39763689b0997a2491665034328d6e36a5856c6570bae3606,success,8|16|24|32,8|16|24|32|40|48,28378,24205,113.79200220108032,145.4080045223236,242.46400594711304,115.7120019197464,4194304,4194304,4194304,4194304,4194304,4194304,4194304,4194304,152.51199901103973,150.2400040626526,128.00000607967377,135.23200154304504,126.11199915409088,269.3119943141937,126.75200402736664,127.80800461769104,126.93119794130324,139.55199867486954,122.29759991168976,127.4240016937256,128.6976009607315,130.25279939174652,121.65120095014572,119.34720277786256,19.66079995036125,22.93119989335537,20.025599747896194,21.036799624562263,20.447999984025955,20.748799666762352,19.66719962656498,19.00160014629364,133120,133120,133120,133120,133120,133120,133120,133120,2048,2048,2048,2048,2048,2048,2048,2048,baseline_nvml_pt,nvidia-smi,ok,True,0.0,67.0,1695.0,7601.0,61.50749999999999,0.15434400364756581,45.142578125,45.142578125,4.0,90.95022913612155,52.566528996316734,79.61874823115312,estimated,,baseline_nvml_pt,nvidia-smi,ok,True,0.75,67.0,1695.0,7701.0,56.462500000000006,0.15237599983811376,40.28125,40.28125,0.126953125,68.89945009048272,70.5837570718397,68.90255661043737,estimated,,baseline_nvml_pt,nvidia-smi,ok,True,0.5,67.0,1695.0,7601.0,61.06,0.1666079983115196,40.28125,40.28125,0.126953125,63.16996086726142,76.2743033936316,65.29989156039393,estimated,,baseline_nvml_pt,nvidia-smi,partial,True,0.0,67.0,1695.0,7601.0,54.98,,,,,65.0,65.0,65.0,estimated,,1.8325494258016275,measured
ran_dgxspark_v1,ran-dgxspark-v1,envelope_v1,facebook/opt-350m,512,4096,662392832,15170115993,462.8480076789856,4194304,4194304,580.6080102920532,505.47199845314026,78.69439870119095,356.15473985672,14499334553,14457125273,147065,133.30022621154785,24.35650599002838,90.74433410167694,dfd15436012d53c39763689b0997a2491665034328d6e36a5856c6570bae3606,success,8|16|24|32,8|16|24|32|40|48,28378,24205,113.79200220108032,145.4080045223236,242.46400594711304,115.7120019197464,4194304,4194304,4194304,4194304,4194304,4194304,4194304,4194304,133.12000036239624,134.14399325847626,150.52799880504608,145.1520025730133,144.16000247001648,131.071999669075,115.80800265073776,131.071999669075,118.37439984083176,122.82880395650864,125.69599896669388,124.268801510334,129.82399761676788,121.65120095014572,127.31520235538484,126.36799961328506,20.134400576353077,19.63520012795925,20.27519941329956,19.673599675297737,20.33279947936535,19.5007998496294,19.96160000562668,18.97599995136261,264192,264192,264192,264192,264192,264192,264192,264192,2048,2048,2048,2048,2048,2048,2048,2048,baseline_nvml_pt,nvidia-smi,ok,True,0.0,67.0,1695.0,7601.0,61.50749999999999,0.15434400364756581,45.142578125,45.142578125,4.0,90.95022913612155,52.566528996316734,79.61874823115312,estimated,,baseline_nvml_pt,nvidia-smi,ok,True,1.75,67.0,1695.0,7601.0,57.6575,0.14151199907064432,48.40625,48.40625,0.251953125,70.78753192511593,75.5173325414624,71.7506957630467,estimated,,baseline_nvml_pt,nvidia-smi,ok,True,1.0,67.0,1695.0,7601.0,55.795,0.1353520005941391,48.40625,48.40625,0.251953125,62.108543476615296,84.00267579181205,67.08084818455153,estimated,,baseline_nvml_pt,nvidia-smi,partial,True,0.0,67.0,1695.0,7601.0,54.98,,,,,65.0,65.0,65.0,estimated,,1.8325494258016275,measured
ran_dgxspark_v1,ran-dgxspark-v1,envelope_v1,facebook/opt-350m,512,8192,662392832,15170115993,462.8480076789856,4194304,4194304,655.4880142211914,513.6128008365631,81.76639825105667,356.15473985672,14499334553,14456863129,147062,133.30022621154785,27.141274094581604,162.2845219373703,dfd15436012d53c39763689b0997a2491665034328d6e36a5856c6570bae3606,success,8|16|24|32,8|16|24|32|40|48,28378,24205,113.79200220108032,145.4080045223236,242.46400594711304,115.7120019197464,4194304,4194304,4194304,4194304,4194304,4194304,4194304,4194304,108.5439994931221,131.071999669075,125.08800625801086,163.87200355529785,147.45600521564484,160.76800227165222,125.72799623012544,152.48000621795654,127.97439992427826,126.7455980181694,127.69280076026917,128.40320020914078,133.0623984336853,129.36320006847382,125.27999877929688,128.05760204792023,28.838400170207024,19.46879960596561,20.236799865961075,19.251199439167976,20.46079970896244,20.851199701428413,18.31040047109127,20.441599562764168,526336,526336,526336,526336,526336,526336,526336,526336,2048,2048,2048,2048,2048,2048,2048,2048,baseline_nvml_pt,nvidia-smi,ok,True,0.0,67.0,1695.0,7601.0,61.50749999999999,0.15434400364756581,45.142578125,45.142578125,4.0,90.95022913612155,52.566528996316734,79.61874823115312,estimated,,baseline_nvml_pt,nvidia-smi,ok,True,5.5,67.0,1695.0,7601.0,61.7975,0.14100000262260431,64.65625,64.65625,0.501953125,72.67561375974914,80.4509080110851,74.59883491565606,estimated,,baseline_nvml_pt,nvidia-smi,ok,True,1.75,67.0,1695.0,7601.0,52.365,0.14896000176668162,64.65625,64.65625,0.501953125,61.047126085969175,91.7310481899925,68.8618048087091,estimated,,baseline_nvml_pt,nvidia-smi,partial,True,0.0,67.0,1695.0,7601.0,54.98,,,,,65.0,65.0,65.0,estimated,,1.8325494258016275,measured
ran_dgxspark_v1,ran-dgxspark-v1,envelope_v1,facebook/opt-350m,1024,1024,662392832,15170115993,667.2639846801758,8388608,8388608,565.3759837150574,486.40000224113464,78.0031993985176,356.9161653518677,14490945945,14406990233,146555,96.08601379394531,21.567898392677307,32.30594265460968,dfd15436012d53c39763689b0997a2491665034328d6e36a5856c6570bae3606,success,8|16|24|32,8|16|24|32|40|48,28378,24205,165.8879965543747,303.0399978160858,164.86400365829468,166.81599617004397,8388608,8388608,8388608,8388608,8388608,8388608,8388608,8388608,126.97599828243256,137.11999356746674,128.89599800109863,127.00800597667694,145.4080045223236,167.93599724769592,131.32800161838531,141.34399592876434,119.01440173387527,121.19679898023604,122.19519913196564,117.55520105361938,129.25440073013306,130.860798060894,129.510398209095,121.60000056028366,19.494399800896645,19.206399470567703,19.44959983229637,19.0591998398304,20.68479992449284,19.942399486899376,20.33279985189438,19.5007998496294,67584,67584,67584,67584,67584,67584,67584,67584,2048,2048,2048,2048,2048,2048,2048,2048,baseline_nvml_pt,nvidia-smi,ok,True,1.5,67.0,1695.0,7701.0,62.997499999999995,0.20015199854969973,57.142578125,57.142578125,8.0,94.99311901271035,49.573450495702865,82.38853960301199,estimated,,baseline_nvml_pt,nvidia-smi,ok,True,1.75,67.0,1695.0,7701.0,64.625,0.1299999989569187,36.21875,36.21875,0.064453125,67.3638682558495,65.28143160221703,66.05441745782802,estimated,,baseline_nvml_pt,nvidia-smi,ok,True,1.5,67.0,1695.0,7601.0,64.01750000000001,0.15315199643373484,36.21875,36.21875,0.064453125,64.23137825790754,68.13343099545114,63.51893493623636,estimated,,baseline_nvml_pt,nvidia-smi,partial,True,0.0,67.0,1695.0,7601.0,62.27,,,,,65.0,65.0,65.0,estimated,,2.175295566570957,measured
ran_dgxspark_v1,ran-dgxspark-v1,envelope_v1,facebook/opt-350m,1024,2048,662392832,15170115993,667.2639846801758,8388608,8388608,790.5279994010928,530.1247954368591,81.10079914331436,356.9161653518677,14490945945,14406924697,146554,96.08601379394531,32.11514854431152,40.21790134906769,dfd15436012d53c39763689b0997a2491665034328d6e36a5856c6570bae3606,success,8|16|24|32,8|16|24|32|40|48,28378,24205,165.8879965543747,303.0399978160858,164.86400365829468,166.81599617004397,8388608,8388608,8388608,8388608,8388608,8388608,8388608,8388608,134.14399325847626,140.28799533843994,142.33599603176117,197.6319998502732,141.4400041103363,126.17599964141846,110.59200018644331,136.19199395179749,121.24160081148148,123.0848029255867,123.45599979162216,132.53119885921478,128.35200130939484,124.12800192832948,121.4271992444992,124.48640167713164,19.87200006842613,19.90399993956089,20.14719992876053,19.80799958109856,20.179199799895287,19.462399929761887,19.462399557232857,20.27519978582859,133120,133120,133120,133120,133120,133120,133120,133120,2048,2048,2048,2048,2048,2048,2048,2048,baseline_nvml_pt,nvidia-smi,ok,True,1.5,67.0,1695.0,7701.0,62.997499999999995,0.20015199854969973,57.142578125,57.142578125,8.0,94.99311901271035,49.573450495702865,82.38853960301199,estimated,,baseline_nvml_pt,nvidia-smi,ok,True,1.5,67.0,1695.0,7601.0,56.345,0.15359999611973757,40.28125,40.28125,0.126953125,69.48695009048271,70.70667373850638,69.13922327710405,estimated,,baseline_nvml_pt,nvidia-smi,ok,True,2.0,67.0,1695.0,7801.0,64.88000000000001,0.13338400050997729,40.28125,40.28125,0.126953125,63.16996086726142,76.68680339363159,65.52155822706062,estimated,,baseline_nvml_pt,nvidia-smi,partial,True,0.0,67.0,1695.0,7601.0,62.27,,,,,65.0,65.0,65.0,estimated,,2.175295566570957,measured
ran_dgxspark_v1,ran-dgxspark-v1,envelope_v1,facebook/opt-350m,1024,4096,662392832,15170115993,667.2639846801758,8388608,8388608,540.6720042228699,501.24800205230713,80.89599758386612,356.9161653518677,14490945945,14406793625,146553,96.08601379394531,20.634623765945435,57.168937012553215,dfd15436012d53c39763689b0997a2491665034328d6e36a5856c6570bae3606,success,8|16|24|32,8|16|24|32|40|48,28378,24205,165.8879965543747,303.0399978160858,164.86400365829468,166.81599617004397,8388608,8388608,8388608,8388608,8388608,8388608,8388608,8388608,130.048006772995,141.31200313568115,148.47999811172485,119.03999745845796,126.8800050020218,120.86399644613266,144.3839967250824,135.16800105571747,125.99680125713348,122.63040095567705,126.1823982000351,125.31200051307678,126.72639787197112,125.73440074920654,121.49760276079178,123.73120337724686,20.083199441432956,19.59679946303368,19.97439935803413,20.22399939596653,20.35199962556362,19.90400031208992,19.231999665498734,19.63519975543022,264192,264192,264192,264192,264192,264192,264192,264192,2048,2048,2048,2048,2048,2048,2048,2048,baseline_nvml_pt,nvidia-smi,ok,True,1.5,67.0,1695.0,7701.0,62.997499999999995,0.20015199854969973,57.142578125,57.142578125,8.0,94.99311901271035,49.573450495702865,82.38853960301199,estimated,,baseline_nvml_pt,nvidia-smi,ok,True,0.25,67.0,1695.0,7601.0,60.485,0.1388880014419555,48.40625,48.40625,0.251953125,71.61003192511593,76.13191587479574,72.22402909638006,estimated,,baseline_nvml_pt,nvidia-smi,ok,True,3.5,67.0,1695.0,7601.0,52.26,0.13823199644684792,48.40625,48.40625,0.251953125,62.108543476615296,85.24017579181205,67.52418151788487,estimated,,baseline_nvml_pt,nvidia-smi,partial,True,0.0,67.0,1695.0,7601.0,62.27,,,,,65.0,65.0,65.0,estimated,,2.175295566570957,measured
ran_dgxspark_v1,ran-dgxspark-v1,envelope_v1,facebook/opt-350m,1024,8192,662392832,15170115993,667.2639846801758,8388608,8388608,512.0000243186951,511.8720054626464,87.04000115394592,356.9161653518677,14490945945,14406531481,146550,96.08601379394531,19.186020970344543,90.50821709632874,dfd15436012d53c39763689b0997a2491665034328d6e36a5856c6570bae3606,success,8|16|24|32,8|16|24|32|40|48,28378,24205,165.8879965543747,303.0399978160858,164.86400365829468,166.81599617004397,8388608,8388608,8388608,8388608,8388608,8388608,8388608,8388608,136.25599443912506,135.16800105571747,126.97599828243256,108.35199803113936,274.4320034980774,141.08799397945404,130.17599284648895,128.00000607967377,127.01439708471298,125.0880002975464,123.69920015335084,127.54559963941574,171.94239795207977,124.67200309038162,124.8960018157959,127.96800136566162,19.71839964389801,19.4559995085001,18.982399627566338,21.76000028848648,22.69439995288849,20.281599834561348,19.193600118160248,19.87839974462986,526336,526336,526336,526336,526336,526336,526336,526336,2048,2048,2048,2048,2048,2048,2048,2048,baseline_nvml_pt,nvidia-smi,ok,True,1.5,67.0,1695.0,7701.0,62.997499999999995,0.20015199854969973,57.142578125,57.142578125,8.0,94.99311901271035,49.573450495702865,82.38853960301199,estimated,,baseline_nvml_pt,nvidia-smi,ok,True,3.5,67.0,1695.0,7601.0,54.762499999999996,0.13640800118446345,64.65625,64.65625,0.501953125,73.73311375974914,81.55715801108512,75.30883491565606,estimated,,baseline_nvml_pt,nvidia-smi,ok,True,3.75,67.0,1695.0,7601.0,62.67,0.18502399697899813,64.65625,64.65625,0.501953125,61.047126085969175,93.79354818999253,69.5268048087091,estimated,,baseline_nvml_pt,nvidia-smi,partial,True,0.0,67.0,1695.0,7601.0,62.27,,,,,65.0,65.0,65.0,estimated,,2.175295566570957,measured
