model_id,chunk_tokens,op_name,timed_iteration,duration_us,baseline_vram_bytes,peak_vram_bytes,dynamic_workspace_bytes,output_bytes,point_id,public_status,failure_kind,failure_cause,raw_output_path
facebook/opt-125m,64,q_proj,0,81.08799904584885,24229376,24327680,98304,98304,prefill-facebook-opt-125m-chunk-64,success,,,/mnt/data/dheeraj/dicertation/inference-profile/runs/local-smoke-20260410-04/raw/points/prefill/prefill-facebook-opt-125m-chunk-64.csv
facebook/opt-125m,64,q_proj,1,79.64800298213959,24229376,24327680,98304,98304,prefill-facebook-opt-125m-chunk-64,success,,,/mnt/data/dheeraj/dicertation/inference-profile/runs/local-smoke-20260410-04/raw/points/prefill/prefill-facebook-opt-125m-chunk-64.csv
facebook/opt-125m,64,q_proj,2,69.69600170850754,24229376,24327680,98304,98304,prefill-facebook-opt-125m-chunk-64,success,,,/mnt/data/dheeraj/dicertation/inference-profile/runs/local-smoke-20260410-04/raw/points/prefill/prefill-facebook-opt-125m-chunk-64.csv
facebook/opt-125m,64,q_proj,3,71.68000191450119,24229376,24327680,98304,98304,prefill-facebook-opt-125m-chunk-64,success,,,/mnt/data/dheeraj/dicertation/inference-profile/runs/local-smoke-20260410-04/raw/points/prefill/prefill-facebook-opt-125m-chunk-64.csv
facebook/opt-125m,64,q_proj,4,125.791996717453,24229376,24327680,98304,98304,prefill-facebook-opt-125m-chunk-64,success,,,/mnt/data/dheeraj/dicertation/inference-profile/runs/local-smoke-20260410-04/raw/points/prefill/prefill-facebook-opt-125m-chunk-64.csv
facebook/opt-125m,64,k_proj,0,62.463998794555664,24229376,24327680,98304,98304,prefill-facebook-opt-125m-chunk-64,success,,,/mnt/data/dheeraj/dicertation/inference-profile/runs/local-smoke-20260410-04/raw/points/prefill/prefill-facebook-opt-125m-chunk-64.csv
facebook/opt-125m,64,k_proj,1,67.71200150251389,24229376,24327680,98304,98304,prefill-facebook-opt-125m-chunk-64,success,,,/mnt/data/dheeraj/dicertation/inference-profile/runs/local-smoke-20260410-04/raw/points/prefill/prefill-facebook-opt-125m-chunk-64.csv
facebook/opt-125m,64,k_proj,2,66.56000018119812,24229376,24327680,98304,98304,prefill-facebook-opt-125m-chunk-64,success,,,/mnt/data/dheeraj/dicertation/inference-profile/runs/local-smoke-20260410-04/raw/points/prefill/prefill-facebook-opt-125m-chunk-64.csv
facebook/opt-125m,64,k_proj,3,65.5359998345375,24229376,24327680,98304,98304,prefill-facebook-opt-125m-chunk-64,success,,,/mnt/data/dheeraj/dicertation/inference-profile/runs/local-smoke-20260410-04/raw/points/prefill/prefill-facebook-opt-125m-chunk-64.csv
facebook/opt-125m,64,k_proj,4,71.68000191450119,24229376,24327680,98304,98304,prefill-facebook-opt-125m-chunk-64,success,,,/mnt/data/dheeraj/dicertation/inference-profile/runs/local-smoke-20260410-04/raw/points/prefill/prefill-facebook-opt-125m-chunk-64.csv
facebook/opt-125m,64,v_proj,0,62.591999769210815,24229376,24327680,98304,98304,prefill-facebook-opt-125m-chunk-64,success,,,/mnt/data/dheeraj/dicertation/inference-profile/runs/local-smoke-20260410-04/raw/points/prefill/prefill-facebook-opt-125m-chunk-64.csv
facebook/opt-125m,64,v_proj,1,65.5359998345375,24229376,24327680,98304,98304,prefill-facebook-opt-125m-chunk-64,success,,,/mnt/data/dheeraj/dicertation/inference-profile/runs/local-smoke-20260410-04/raw/points/prefill/prefill-facebook-opt-125m-chunk-64.csv
facebook/opt-125m,64,v_proj,2,69.88800317049026,24229376,24327680,98304,98304,prefill-facebook-opt-125m-chunk-64,success,,,/mnt/data/dheeraj/dicertation/inference-profile/runs/local-smoke-20260410-04/raw/points/prefill/prefill-facebook-opt-125m-chunk-64.csv
facebook/opt-125m,64,v_proj,3,66.56000018119812,24229376,24327680,98304,98304,prefill-facebook-opt-125m-chunk-64,success,,,/mnt/data/dheeraj/dicertation/inference-profile/runs/local-smoke-20260410-04/raw/points/prefill/prefill-facebook-opt-125m-chunk-64.csv
facebook/opt-125m,64,v_proj,4,71.55200093984604,24229376,24327680,98304,98304,prefill-facebook-opt-125m-chunk-64,success,,,/mnt/data/dheeraj/dicertation/inference-profile/runs/local-smoke-20260410-04/raw/points/prefill/prefill-facebook-opt-125m-chunk-64.csv
facebook/opt-125m,64,out_proj,0,63.48799914121628,24229376,24327680,98304,98304,prefill-facebook-opt-125m-chunk-64,success,,,/mnt/data/dheeraj/dicertation/inference-profile/runs/local-smoke-20260410-04/raw/points/prefill/prefill-facebook-opt-125m-chunk-64.csv
facebook/opt-125m,64,out_proj,1,65.63200056552887,24229376,24327680,98304,98304,prefill-facebook-opt-125m-chunk-64,success,,,/mnt/data/dheeraj/dicertation/inference-profile/runs/local-smoke-20260410-04/raw/points/prefill/prefill-facebook-opt-125m-chunk-64.csv
facebook/opt-125m,64,out_proj,2,63.48799914121628,24229376,24327680,98304,98304,prefill-facebook-opt-125m-chunk-64,success,,,/mnt/data/dheeraj/dicertation/inference-profile/runs/local-smoke-20260410-04/raw/points/prefill/prefill-facebook-opt-125m-chunk-64.csv
facebook/opt-125m,64,out_proj,3,70.68800181150436,24229376,24327680,98304,98304,prefill-facebook-opt-125m-chunk-64,success,,,/mnt/data/dheeraj/dicertation/inference-profile/runs/local-smoke-20260410-04/raw/points/prefill/prefill-facebook-opt-125m-chunk-64.csv
facebook/opt-125m,64,out_proj,4,63.48799914121628,24229376,24327680,98304,98304,prefill-facebook-opt-125m-chunk-64,success,,,/mnt/data/dheeraj/dicertation/inference-profile/runs/local-smoke-20260410-04/raw/points/prefill/prefill-facebook-opt-125m-chunk-64.csv
facebook/opt-125m,64,fc1,0,58.079998940229416,24229376,24622592,393216,393216,prefill-facebook-opt-125m-chunk-64,success,,,/mnt/data/dheeraj/dicertation/inference-profile/runs/local-smoke-20260410-04/raw/points/prefill/prefill-facebook-opt-125m-chunk-64.csv
facebook/opt-125m,64,fc1,1,69.63200122117996,24229376,24622592,393216,393216,prefill-facebook-opt-125m-chunk-64,success,,,/mnt/data/dheeraj/dicertation/inference-profile/runs/local-smoke-20260410-04/raw/points/prefill/prefill-facebook-opt-125m-chunk-64.csv
facebook/opt-125m,64,fc1,2,58.6559996008873,24229376,24622592,393216,393216,prefill-facebook-opt-125m-chunk-64,success,,,/mnt/data/dheeraj/dicertation/inference-profile/runs/local-smoke-20260410-04/raw/points/prefill/prefill-facebook-opt-125m-chunk-64.csv
facebook/opt-125m,64,fc1,3,57.34400078654289,24229376,24622592,393216,393216,prefill-facebook-opt-125m-chunk-64,success,,,/mnt/data/dheeraj/dicertation/inference-profile/runs/local-smoke-20260410-04/raw/points/prefill/prefill-facebook-opt-125m-chunk-64.csv
facebook/opt-125m,64,fc1,4,56.32000043988228,24229376,24622592,393216,393216,prefill-facebook-opt-125m-chunk-64,success,,,/mnt/data/dheeraj/dicertation/inference-profile/runs/local-smoke-20260410-04/raw/points/prefill/prefill-facebook-opt-125m-chunk-64.csv
facebook/opt-125m,64,fc2,0,72.7040022611618,24229376,24327680,98304,98304,prefill-facebook-opt-125m-chunk-64,success,,,/mnt/data/dheeraj/dicertation/inference-profile/runs/local-smoke-20260410-04/raw/points/prefill/prefill-facebook-opt-125m-chunk-64.csv
facebook/opt-125m,64,fc2,1,74.5920017361641,24229376,24327680,98304,98304,prefill-facebook-opt-125m-chunk-64,success,,,/mnt/data/dheeraj/dicertation/inference-profile/runs/local-smoke-20260410-04/raw/points/prefill/prefill-facebook-opt-125m-chunk-64.csv
facebook/opt-125m,64,fc2,2,65.60000032186508,24229376,24327680,98304,98304,prefill-facebook-opt-125m-chunk-64,success,,,/mnt/data/dheeraj/dicertation/inference-profile/runs/local-smoke-20260410-04/raw/points/prefill/prefill-facebook-opt-125m-chunk-64.csv
facebook/opt-125m,64,fc2,3,64.7360011935234,24229376,24327680,98304,98304,prefill-facebook-opt-125m-chunk-64,success,,,/mnt/data/dheeraj/dicertation/inference-profile/runs/local-smoke-20260410-04/raw/points/prefill/prefill-facebook-opt-125m-chunk-64.csv
facebook/opt-125m,64,fc2,4,64.38399851322174,24229376,24327680,98304,98304,prefill-facebook-opt-125m-chunk-64,success,,,/mnt/data/dheeraj/dicertation/inference-profile/runs/local-smoke-20260410-04/raw/points/prefill/prefill-facebook-opt-125m-chunk-64.csv
